term,estimate,std.error,statistic,p.value
(Intercept),27734.20903431791,93.2979069643118,297.2650720334676,0
mileage,-0.259308320356339,0.0028769808620845564,-90.13209777435,0
