r.squared,adj.r.squared,sigma,statistic,p.value,n
0.44826391443196906,0.44820873530549976,6213.8321344658525,8123.795049204897,0,10001
